JUEGO;PRECIO MINIMO;TIENDA MINIMA
A Hat in Time;13.99;Eneba
Kraken Academy;3.49;Eneba
Nelly Cootalot Spoonbeaks Ahoy! HD;0.77;Eneba
Ynglet;1.28;Eneba
Letters a written adventure;3.99;Eneba
Hidden Folks;2.08;Eneba
AR-K The Great Escape;3.37;Eneba
Clan OConall and the Crown of the Stag;3.94;Eneba
F.I.S.T. Forged In Shadow Torch;24.99;Eneba
ANNO Mutationem;15.90;Eneba
Goosebumps Dead of Night;23.64;Eneba
Behind the Frame The Finest Scenery;0.48;Eneba
Kentucky Route Zero;9.94;G2A
Demoniaca Everlasting Night;6.78;G2A
Flinthook;5.43;G2A
Mystik Belle;4.84;G2A
Astronite;12.49;G2A
Bomb Chicken;12.49;Steam
Warp Frontier;12.49;Steam
Baldo;24.99;Steam
Monobot;12.49;Steam
Where Cards Fall;15.99;Steam
Monster Boy and the Cursed Kingdom;29.99;Steam
The Company Man;15.99;Steam
Heaven Dust 2;12.49;Steam
Skellboy Refractured;16.79;Steam
Shakedown Hawaii;19.99;Steam
Gunbrick Reloaded;12.49;Steam
Trash Quest;2.39;Steam
Dogurai;3.99;Steam
Spectacular Sparky;11.99;Steam
Vesper;9.99;Steam
LEGO Builder's Journey;16.99;Steam
Sagebrush;5.69;Steam
Witchcrafty;22.49;Steam
Breakout Recharged;8.99;Steam
Kinduo;1.99;Steam
The Feeble Files;4.99;Steam
Swords & Bones;4.99;Steam
Patrick's Parabox;19.50;Steam
Kharon's Crypt Even Death May Die;13.95;Steam
Slap Village Reality Slap;2.99;Steam
Puzzle Box;9.99;Steam
Message Quest;2.99;Steam
Infernax;19.99;Steam
Kukoos Lost Pets;29.99;Steam
Viviette;9.99;Steam
Evil Tonight;14.99;Steam
Nightmare Frames;10.99;Steam
Hazel Sky;24.99;Steam
Blossom Tales The Sleeping King;14.99;Steam
Taiji;20.99;Steam
Harlow;10.79;Steam
The Past Within;5.99;Steam
The Excavation of Hob's Barrow;12.49;Steam
The Pedestrian;14.89;HRK
The Forgotten City;8.91;HRK
Alex Kidd in Miracle World DX;5.99;HRK
Webbed;7.19;HRK
Twelve Minutes;6.93;HRK
Death's Door;8.46;HRK
Chicory A Colorful Tale;15.99;HRK
A Plague Tale Innocence;7.03;HRK
Unbound Worlds Apart;16.75;HRK
Mega Man 11;3.89;HRK
Happy Game;4.25;HRK
Yomawari Midnight Shadows;4.60;HRK
FAR Changing Tides;4.51;HRK
Backbone;0.23;HRK
Dont Be Afraid;7.54;HRK
Outer Wilds;9.14;HRK
Sam & Max Beyond Time and Space;15.53;HRK
Hades;16.78;HRK
Firewatch;12.95;HRK
Little Nightmares 2;6.97;HRK
Tunic;15.90;HRK
The Evil Within 2 The Last Chance Pack;0.42;HRK
Doors Paradox;14.99;HRK
Untitled Goose Game;15.99;GAMIVO
The Mummy Demastered;9.95;GAMIVO
Balan Wonderworld;9.99;GAMIVO
The Lightbringer;0.69;GAMIVO
Unpacking;10.49;GAMIVO
Record of Lodoss War Deedlit in Wonder Labyrinth;9.98;GAMIVO
Darksiders Genesis;4.49;GAMIVO
The Room Three;5.99;GAMIVO
The Room 4 Old Sins;7.99;GAMIVO
Maneater;3.39;GAMIVO
Cuphead;13.99;GAMIVO
Archvale;5.55;GAMIVO
The Dead Tree of Ranchiuna;1.87;GAMIVO
FAR Lone Sails;1.83;GAMIVO
Arise A Simple Story;1.91;GAMIVO
Return of the Obra Dinn;14.85;GAMIVO
Inscryption;10.95;GAMIVO
Bulletstorm Full Clip Edition;1.42;GAMIVO
Nine Parchments;6.94;GAMIVO
Toby The Secret Mine;4.91;GAMIVO
PewDiePie Legend of the Brofist;3.99;GAMIVO
Shadow Complex Remastered;2.99;GAMIVO
Mutropolis;6.98;GAMIVO
Quern Undying Thoughts;2.65;GAMIVO
Alfred Hitchcock Vertigo;8.93;GAMIVO
Blossom Tales 2 The Minotaur Prince;6.95;GAMIVO
Typoman Revised;2.99;GAMIVO
Metamorphosis;2.98;GAMIVO
I Am Dead;5.19;CDKeys.com
Olija;5.69;CDKeys.com
Prey Digital Deluxe;7.99;CDKeys.com
Crossing Souls;2.29;CDKeys.com
Sayonara Wild Hearts;4.86;CDKeys.com
Hohokum;5.69;CDKeys.com
Harvester;4.09;CDKeys.com
Unsighted;9.99;Humble Store
Psychonauts 2;15.14;Humble Store
Ladybug Quest;4.09;Humble Store
Sherlock Holmes Crimes And Punishments;5.99;Humble Store
Astalon Tears of the Earth;10.07;Humble Store
Batbarian Testament of the Primordials;7.00;Humble Store
Lamplight City;8.99;Humble Store
New Super Lucky's Tale;6.43;GameBillet EU
Cathedral;3.49;Kinguin
Jetsn Guns Gold;1.16;Kinguin
Blue Estate The Game;1.03;Kinguin
Rabi-Ribi;11.73;Kinguin
Environmental Station Alpha;4.40;Kinguin
Machinika Museum;2.17;Kinguin
Wife Quest;1.08;Kinguin
Subway Midnight;2.20;Kinguin
Moncage;9.96;Kinguin
Unforeseen Incidents;11.99;Kinguin
Grapple Dog;11.00;Kinguin
The Legend of Dark Witch;1.43;Kinguin
OneShot;9.75;Kinguin
Super Mega Zero;1.99;Kinguin
Unavowed;2.46;Kinguin
Agatha Christie Hercule Poirot The First Cases;3.80;Kinguin
Lost in Play;12.98;Kinguin
Memorrha;3.55;Kinguin
Lost Words Beyond The Page;2.84;Kinguin
Spidersaurs;3.10;Kinguin
Aspire Ina's Tale;1.50;Kinguin
Horror Story Hallowseed;3.07;Kinguin
Harmony's Odyssey;0.61;Kinguin
Treasures of the Aegean;2.99;Kinguin
The Longest Road on Earth;1.23;K4G
Escape Simulator;10.61;K4G
Carrion;7.71;K4G
ENDER LILIES Quietus of the Knights;11.47;CJS-CDKeys
Cyber Shadow;10.50;Instant Gaming
Beyond a Steel Sky;5.21;Instant Gaming
Steel Assault;8.57;Instant Gaming
Mighty Switch Force Academy;7.20;Instant Gaming
Journey to the Savage Planet;6.97;YUPLAY EU
Unreal Life;6.88;YUPLAY EU
Wattam;4.58;YUPLAY EU
A Memoir Blue;3.53;YUPLAY EU
Voyage;3.66;YUPLAY EU
Okinawa Rush;5.02;YUPLAY EU
Time on Frog Island;5.69;YUPLAY EU
Mari and Bayu The Road Home;6.23;YUPLAY EU
What Lies in the Multiverse;1.90;YUPLAY EU
Contra Rogue Corps;2.92;95gameshop
Jet Kave Adventure;13.49;Fanatical
Clid The Snail;5.99;Fanatical
Crowns and Pawns Kingdom of Deceit;9.99;Fanatical
Escape Academy;10.74;Greenmangaming
