JUEGO;PRECIO MAS BARATO;TIENDA MAS BARATA;PRECIO HISTORICO MAS BAJO;TIENDA HISTORICA MAS BAJA;COMENTARIO
A Hat in Time;13.99;Eneba;NUEVA ALTA
Kraken Academy;3.49;Eneba;NUEVA ALTA
Nelly Cootalot Spoonbeaks Ahoy! HD;0.77;Eneba;NUEVA ALTA
Ynglet;1.28;Eneba;NUEVA ALTA
Letters a written adventure;3.99;Eneba;NUEVA ALTA
Hidden Folks;2.08;Eneba;NUEVA ALTA
AR-K The Great Escape;3.37;Eneba;NUEVA ALTA
Clan OConall and the Crown of the Stag;3.94;Eneba;NUEVA ALTA
F.I.S.T. Forged In Shadow Torch;24.99;Eneba;NUEVA ALTA
ANNO Mutationem;15.90;Eneba;NUEVA ALTA
Goosebumps Dead of Night;23.64;Eneba;NUEVA ALTA
Behind the Frame The Finest Scenery;0.48;Eneba;NUEVA ALTA
Kentucky Route Zero;9.94;G2A;NUEVA ALTA
Demoniaca Everlasting Night;6.78;G2A;NUEVA ALTA
Flinthook;5.43;G2A;NUEVA ALTA
Mystik Belle;4.84;G2A;NUEVA ALTA
Astronite;12.49;G2A;NUEVA ALTA
Bomb Chicken;12.49;Steam;NUEVA ALTA
Warp Frontier;12.49;Steam;NUEVA ALTA
Baldo;24.99;Steam;NUEVA ALTA
Monobot;12.49;Steam;NUEVA ALTA
Where Cards Fall;15.99;Steam;NUEVA ALTA
Monster Boy and the Cursed Kingdom;29.99;Steam;NUEVA ALTA
The Company Man;15.99;Steam;NUEVA ALTA
Heaven Dust 2;12.49;Steam;NUEVA ALTA
Skellboy Refractured;16.79;Steam;NUEVA ALTA
Shakedown Hawaii;19.99;Steam;NUEVA ALTA
Gunbrick Reloaded;12.49;Steam;NUEVA ALTA
Trash Quest;2.39;Steam;NUEVA ALTA
Dogurai;3.99;Steam;NUEVA ALTA
Spectacular Sparky;11.99;Steam;NUEVA ALTA
Vesper;9.99;Steam;NUEVA ALTA
LEGO Builder's Journey;16.99;Steam;NUEVA ALTA
Sagebrush;5.69;Steam;NUEVA ALTA
Witchcrafty;22.49;Steam;NUEVA ALTA
Breakout Recharged;8.99;Steam;NUEVA ALTA
Kinduo;1.99;Steam;NUEVA ALTA
The Feeble Files;4.99;Steam;NUEVA ALTA
Swords & Bones;4.99;Steam;NUEVA ALTA
Patrick's Parabox;19.50;Steam;NUEVA ALTA
Kharon's Crypt Even Death May Die;13.95;Steam;NUEVA ALTA
Slap Village Reality Slap;2.99;Steam;NUEVA ALTA
Puzzle Box;9.99;Steam;NUEVA ALTA
Message Quest;2.99;Steam;NUEVA ALTA
Infernax;19.99;Steam;NUEVA ALTA
Kukoos Lost Pets;29.99;Steam;NUEVA ALTA
Viviette;9.99;Steam;NUEVA ALTA
Evil Tonight;14.99;Steam;NUEVA ALTA
Nightmare Frames;10.99;Steam;NUEVA ALTA
Hazel Sky;24.99;Steam;NUEVA ALTA
Blossom Tales The Sleeping King;14.99;Steam;NUEVA ALTA
Taiji;20.99;Steam;NUEVA ALTA
Harlow;10.79;Steam;NUEVA ALTA
The Past Within;5.99;Steam;NUEVA ALTA
The Excavation of Hob's Barrow;12.49;Steam;NUEVA ALTA
The Pedestrian;14.89;HRK;NUEVA ALTA
The Forgotten City;8.91;HRK;NUEVA ALTA
Alex Kidd in Miracle World DX;5.99;HRK;NUEVA ALTA
Webbed;7.19;HRK;NUEVA ALTA
Twelve Minutes;6.93;HRK;NUEVA ALTA
Death's Door;8.46;HRK;NUEVA ALTA
Chicory A Colorful Tale;15.99;HRK;NUEVA ALTA
A Plague Tale Innocence;7.03;HRK;NUEVA ALTA
Unbound Worlds Apart;16.75;HRK;NUEVA ALTA
Mega Man 11;3.89;HRK;NUEVA ALTA
Happy Game;4.25;HRK;NUEVA ALTA
Yomawari Midnight Shadows;4.60;HRK;NUEVA ALTA
FAR Changing Tides;4.51;HRK;NUEVA ALTA
Backbone;0.23;HRK;NUEVA ALTA
Dont Be Afraid;7.54;HRK;NUEVA ALTA
Outer Wilds;9.14;HRK;NUEVA ALTA
Sam & Max Beyond Time and Space;15.53;HRK;NUEVA ALTA
Hades;16.78;HRK;NUEVA ALTA
Firewatch;12.95;HRK;NUEVA ALTA
Little Nightmares 2;6.97;HRK;NUEVA ALTA
Tunic;15.90;HRK;NUEVA ALTA
The Evil Within 2 The Last Chance Pack;0.42;HRK;NUEVA ALTA
Doors Paradox;14.99;HRK;NUEVA ALTA
Untitled Goose Game;15.99;GAMIVO;NUEVA ALTA
The Mummy Demastered;9.95;GAMIVO;NUEVA ALTA
Balan Wonderworld;9.99;GAMIVO;NUEVA ALTA
The Lightbringer;0.69;GAMIVO;NUEVA ALTA
Unpacking;10.49;GAMIVO;NUEVA ALTA
Record of Lodoss War Deedlit in Wonder Labyrinth;9.98;GAMIVO;NUEVA ALTA
Darksiders Genesis;4.49;GAMIVO;NUEVA ALTA
The Room Three;5.99;GAMIVO;NUEVA ALTA
The Room 4 Old Sins;7.99;GAMIVO;NUEVA ALTA
Maneater;3.39;GAMIVO;NUEVA ALTA
Cuphead;13.99;GAMIVO;NUEVA ALTA
Archvale;5.55;GAMIVO;NUEVA ALTA
The Dead Tree of Ranchiuna;1.87;GAMIVO;NUEVA ALTA
FAR Lone Sails;1.83;GAMIVO;NUEVA ALTA
Arise A Simple Story;1.91;GAMIVO;NUEVA ALTA
Return of the Obra Dinn;14.85;GAMIVO;NUEVA ALTA
Inscryption;10.95;GAMIVO;NUEVA ALTA
Bulletstorm Full Clip Edition;1.42;GAMIVO;NUEVA ALTA
Nine Parchments;6.94;GAMIVO;NUEVA ALTA
Toby The Secret Mine;4.91;GAMIVO;NUEVA ALTA
PewDiePie Legend of the Brofist;3.99;GAMIVO;NUEVA ALTA
Shadow Complex Remastered;2.99;GAMIVO;NUEVA ALTA
Mutropolis;6.98;GAMIVO;NUEVA ALTA
Quern Undying Thoughts;2.65;GAMIVO;NUEVA ALTA
Alfred Hitchcock Vertigo;8.93;GAMIVO;NUEVA ALTA
Blossom Tales 2 The Minotaur Prince;6.95;GAMIVO;NUEVA ALTA
Typoman Revised;2.99;GAMIVO;NUEVA ALTA
Metamorphosis;2.98;GAMIVO;NUEVA ALTA
I Am Dead;5.19;CDKeys.com;NUEVA ALTA
Olija;5.69;CDKeys.com;NUEVA ALTA
Prey Digital Deluxe;7.99;CDKeys.com;NUEVA ALTA
Crossing Souls;2.29;CDKeys.com;NUEVA ALTA
Sayonara Wild Hearts;4.86;CDKeys.com;NUEVA ALTA
Hohokum;5.69;CDKeys.com;NUEVA ALTA
Harvester;4.09;CDKeys.com;NUEVA ALTA
Unsighted;9.99;Humble Store;NUEVA ALTA
Psychonauts 2;15.14;Humble Store;NUEVA ALTA
Ladybug Quest;4.09;Humble Store;NUEVA ALTA
Sherlock Holmes Crimes And Punishments;5.99;Humble Store;NUEVA ALTA
Astalon Tears of the Earth;10.07;Humble Store;NUEVA ALTA
Batbarian Testament of the Primordials;7.00;Humble Store;NUEVA ALTA
Lamplight City;8.99;Humble Store;NUEVA ALTA
New Super Lucky's Tale;6.43;GameBillet EU;NUEVA ALTA
Cathedral;3.49;Kinguin;NUEVA ALTA
Jetsn Guns Gold;1.16;Kinguin;NUEVA ALTA
Blue Estate The Game;1.03;Kinguin;NUEVA ALTA
Rabi-Ribi;11.73;Kinguin;NUEVA ALTA
Environmental Station Alpha;4.40;Kinguin;NUEVA ALTA
Machinika Museum;2.17;Kinguin;NUEVA ALTA
Wife Quest;1.08;Kinguin;NUEVA ALTA
Subway Midnight;2.20;Kinguin;NUEVA ALTA
Moncage;9.96;Kinguin;NUEVA ALTA
Unforeseen Incidents;11.99;Kinguin;NUEVA ALTA
Grapple Dog;11.00;Kinguin;NUEVA ALTA
The Legend of Dark Witch;1.43;Kinguin;NUEVA ALTA
OneShot;9.75;Kinguin;NUEVA ALTA
Super Mega Zero;1.99;Kinguin;NUEVA ALTA
Unavowed;2.46;Kinguin;NUEVA ALTA
Agatha Christie Hercule Poirot The First Cases;3.80;Kinguin;NUEVA ALTA
Lost in Play;12.98;Kinguin;NUEVA ALTA
Memorrha;3.55;Kinguin;NUEVA ALTA
Lost Words Beyond The Page;2.84;Kinguin;NUEVA ALTA
Spidersaurs;3.10;Kinguin;NUEVA ALTA
Aspire Ina's Tale;1.50;Kinguin;NUEVA ALTA
Horror Story Hallowseed;3.07;Kinguin;NUEVA ALTA
Harmony's Odyssey;0.61;Kinguin;NUEVA ALTA
Treasures of the Aegean;2.99;Kinguin;NUEVA ALTA
The Longest Road on Earth;1.23;K4G;NUEVA ALTA
Escape Simulator;10.61;K4G;NUEVA ALTA
Carrion;7.71;K4G;NUEVA ALTA
ENDER LILIES Quietus of the Knights;11.47;CJS-CDKeys;NUEVA ALTA
Cyber Shadow;10.50;Instant Gaming;NUEVA ALTA
Beyond a Steel Sky;5.21;Instant Gaming;NUEVA ALTA
Steel Assault;8.57;Instant Gaming;NUEVA ALTA
Mighty Switch Force Academy;7.20;Instant Gaming;NUEVA ALTA
Journey to the Savage Planet;6.97;YUPLAY EU;NUEVA ALTA
Unreal Life;6.88;YUPLAY EU;NUEVA ALTA
Wattam;4.58;YUPLAY EU;NUEVA ALTA
A Memoir Blue;3.53;YUPLAY EU;NUEVA ALTA
Voyage;3.66;YUPLAY EU;NUEVA ALTA
Okinawa Rush;5.02;YUPLAY EU;NUEVA ALTA
Time on Frog Island;5.69;YUPLAY EU;NUEVA ALTA
Mari and Bayu The Road Home;6.23;YUPLAY EU;NUEVA ALTA
What Lies in the Multiverse;1.90;YUPLAY EU;NUEVA ALTA
Contra Rogue Corps;2.92;95gameshop;NUEVA ALTA
Jet Kave Adventure;13.49;Fanatical;NUEVA ALTA
Clid The Snail;5.99;Fanatical;NUEVA ALTA
Crowns and Pawns Kingdom of Deceit;9.99;Fanatical;NUEVA ALTA
Escape Academy;10.74;Greenmangaming;NUEVA ALTA
